www.test1.com,2
www.test2.com,3
www.test3.com,5
www.test4.com,2
www.test5.com,3
www.test6.com,1
www.test7.com,22
www.test8.com,54
www.test9.com,65
www.test10.com,37
www.test11.com,57
www.test12.com,85
www.test13.com,68
www.test14.com,46
www.test15.com,58
www.test16.com,67
www.test17.com,56
www.test18.com,46
www.test19.com,85
www.test20.com,86
www.test21.com,96
www.test22.com,575
www.test23.com,46
www.test24.com,85
www.test25.com,46
www.test26.com,68
www.test27.com,46
www.test28.com,86
www.test29.com,97
www.test30.com,7
